ADARTS2,18,V415
ADFUNDA,19,SJ212
ADGAME2,14,G204
ADRULES,11,G210
ADSTUDY,12,G304B
ADTXTUR,15,G203
ARCPLAN,13,G206
CCAPDEV,16,G207
CCDSTRU,17,G211
CCPROG2,11A,G302A
CE-MATH,11B,G302B
CEETRN2,12A,G306A
CLOUDCO,12B,G306B
CSARCH1,13A,G209
CSMATH1,13B,G405
CSSERVM,14A,G205
GD-PHYS,14B,G208
GDADPRG,15B,E701
GDINTAI,16A,E7A
GEARTAP,16B,E801
GEETHIC,17A,E7B
GEMATMW,17B,G304A
GERPHIS,22,G403
GESPORT,,A1203
GEUSELF,,A1204
HUMAART,,A1201
HUMALIT,,1203
IPERSEF,,G407
ISBUSPE,,
ISINFOM,,G301
IT-PROG,,
ITCMSY1,,
ITISHCI,,
ITISORG,,
ITMETHD,,
ITNET03,,
ITSYSAD,,
LASARE1,,
LASARE2,,
LBYCMSY,,
LBYITN3,,
LBYSYAD,,
LBYTRN2,,
LCLSONE,,
LCLSTWO,,
NSCOM01,,
NSSECU1,,
NSTPCW1,,
NSTPLT1,,
NTSPRO1,,
ORG-MGT,,
PRCT-CS,,
SECURDE,,
SPECSYS,,
ST-MATH,,
STALGCM,,
STRAMGT,,
THS-CS2,,
WIR-TEC,,